<?xml version="1.0" encoding="UTF-8"?>
<project-private xmlns="http://www.netbeans.org/ns/project-private/1">
    <editor-bookmarks xmlns="http://www.netbeans.org/ns/editor-bookmarks/2" lastBookmarkId="0"/>
    <open-files xmlns="http://www.netbeans.org/ns/projectui-open-files/2">
        <group>
            <file>file:/C:/xampp/htdocs/project/3.php</file>
            <file>file:/C:/xampp/htdocs/project/stud5.jpg</file>
            <file>file:/C:/xampp/htdocs/project/barcode.php</file>
            <file>file:/C:/xampp/htdocs/project/parentpage.php</file>
            <file>file:/C:/xampp/htdocs/project/connection.php</file>
            <file>file:/C:/xampp/htdocs/project/admin.php</file>
            <file>file:/C:/xampp/htdocs/project/generatebarcode.php</file>
            <file>file:/C:/xampp/htdocs/project/1.jpg</file>
            <file>file:/C:/xampp/htdocs/project/logout.php</file>
            <file>file:/C:/xampp/htdocs/project/display.php</file>
            <file>file:/C:/xampp/htdocs/project/barcode128.php</file>
            <file>file:/C:/xampp/htdocs/project/01.jpg</file>
            <file>file:/C:/xampp/htdocs/project/14.jpg</file>
            <file>file:/C:/xampp/htdocs/project/navbar.php</file>
            <file>file:/C:/xampp/htdocs/project/15.jpg</file>
            <file>file:/C:/xampp/htdocs/project/1_1.jpg</file>
            <file>file:/C:/xampp/htdocs/project/adminpage.php</file>
            <file>file:/C:/xampp/htdocs/project/stud7.jpg</file>
            <file>file:/C:/xampp/htdocs/project/display3.php</file>
            <file>file:/C:/xampp/htdocs/project/style1.css</file>
            <file>file:/C:/xampp/htdocs/project/Untitled.png</file>
            <file>file:/C:/xampp/htdocs/project/Family_care-512.png</file>
            <file>file:/C:/xampp/htdocs/project/menu1.php</file>
            <file>file:/C:/xampp/htdocs/project/addacademics.php</file>
            <file>file:/C:/xampp/htdocs/project/add.php</file>
            <file>file:/C:/xampp/htdocs/project/academics.php</file>
            <file>file:/C:/xampp/htdocs/project/home.php</file>
            <file>file:/C:/xampp/htdocs/project/stud4.jpg</file>
            <file>file:/C:/xampp/htdocs/project/menu.php</file>
            <file>file:/C:/xampp/htdocs/project/stud8.jpg</file>
            <file>file:/C:/xampp/htdocs/project/stud3.jpg</file>
            <file>file:/C:/xampp/htdocs/project/addstudent.php</file>
            <file>file:/C:/xampp/htdocs/project/12.jpg</file>
            <file>file:/C:/xampp/htdocs/project/1569306447368.png</file>
        </group>
    </open-files>
</project-private>
